﻿{"paragraphs":[{"config":{"colWidth":12,"graph":{"mode":"table","height":300,"optionOpen":false,"keys":[],"values":[],"groups":[],"scatter":{}},"enabled":true},"settings":{"params":{},"forms":{}},"apps":[],"jobName":"paragraph_1481560602924_-306651120","id":"20161212-173642_297430794","dateCreated":"2016-12-12T17:36:42+0100","status":"FINISHED","progressUpdateIntervalMs":500,"focus":true,"$$hashKey":"object:1089","text":"import org.apache.spark.ml.feature.Tokenizer\n\nval tokenizer = new Tokenizer()\n  .setInputCol(\"text\")\n  .setOutputCol(\"words\")\nval words = tokenizer.transform(tweets)\n\nwords.select(\"words\").take(5).foreach(println)","dateUpdated":"2016-12-12T17:38:14+0100","dateFinished":"2016-12-12T17:38:14+0100","dateStarted":"2016-12-12T17:38:14+0100","result":{"code":"SUCCESS","type":"TEXT","msg":"\nimport org.apache.spark.ml.feature.Tokenizer\n\ntokenizer: org.apache.spark.ml.feature.Tokenizer = tok_79d574746002\n\nwords: org.apache.spark.sql.DataFrame = [accessLevel: bigint, contributors: array<string> ... 34 more fields]\n[WrappedArray(rt, @halsey:, i, do, now!, 🌹🌹🌹, , https://t.co/m7cpvyghjo)]\n[WrappedArray(@andrew8088, hey, can, you, please, provide, bookmarks.js, file, from, \"learning, mongodb(2013)\", course., , , p.s, i'm, not, user, of, tutsplus.)]\n[WrappedArray(my, check, gonna, be, supa, fat, doe, 🤑)]\n[WrappedArray(rt, @lfrankoceanl:, my, biggest, fear, is, being, replaced.)]\n[WrappedArray(rt, @63moonsofficial:, a, #forcedmerger, would, be, against, 63k, shareholders,, their, welfare, should, be, the, prime, concern, @amitshah, @arunjaitley, ht…)]\n"}},{"config":{"colWidth":12,"graph":{"mode":"table","height":300,"optionOpen":false,"keys":[],"values":[],"groups":[],"scatter":{}},"enabled":true},"settings":{"params":{},"forms":{}},"apps":[],"jobName":"paragraph_1481560681691_-598736831","id":"20161212-173801_1187229701","dateCreated":"2016-12-12T17:38:01+0100","status":"FINISHED","progressUpdateIntervalMs":500,"focus":true,"$$hashKey":"object:1173","dateUpdated":"2016-12-12T17:38:13+0100","dateFinished":"2016-12-12T17:38:13+0100","dateStarted":"2016-12-12T17:38:13+0100","result":{"code":"SUCCESS","type":"TEXT","msg":""},"text":"words.select(\"id\", \"words\")\n  .write\n  .mode(\"overwrite\")\n  .parquet(\"/dataset/twitter/features/f=words\")"},{"config":{"colWidth":12,"graph":{"mode":"table","height":300,"optionOpen":false,"keys":[],"values":[],"groups":[],"scatter":{}},"enabled":true},"settings":{"params":{},"forms":{}},"apps":[],"jobName":"paragraph_1481560693282_1167861552","id":"20161212-173813_669994487","dateCreated":"2016-12-12T17:38:13+0100","status":"FINISHED","progressUpdateIntervalMs":500,"focus":true,"$$hashKey":"object:1260","dateUpdated":"2016-12-12T17:38:19+0100","dateFinished":"2016-12-12T17:38:20+0100","dateStarted":"2016-12-12T17:38:19+0100","result":{"code":"SUCCESS","type":"TEXT","msg":"\nimport org.apache.spark.ml.feature.StopWordsRemover\n\nremover: org.apache.spark.ml.feature.StopWordsRemover = stopWords_3bd2df431961\n\nnoStopWords: org.apache.spark.sql.DataFrame = [accessLevel: bigint, contributors: array<string> ... 35 more fields]\n"},"text":"import org.apache.spark.ml.feature.StopWordsRemover\n\nval remover = new StopWordsRemover()\n  .setInputCol(\"words\")\n  .setOutputCol(\"noStopWords\")\n\nval noStopWords = remover.transform(words)"},{"config":{"colWidth":12,"graph":{"mode":"table","height":300,"optionOpen":false,"keys":[],"values":[],"groups":[],"scatter":{}},"enabled":true},"settings":{"params":{},"forms":{}},"apps":[],"jobName":"paragraph_1481560699529_1580327697","id":"20161212-173819_1274016943","dateCreated":"2016-12-12T17:38:19+0100","status":"FINISHED","progressUpdateIntervalMs":500,"focus":true,"$$hashKey":"object:1340","dateUpdated":"2016-12-12T17:38:33+0100","dateFinished":"2016-12-12T17:38:33+0100","dateStarted":"2016-12-12T17:38:33+0100","result":{"code":"SUCCESS","type":"TEXT","msg":"[WrappedArray(rt, @halsey:, i, do, now!, 🌹🌹🌹, , https://t.co/m7cpvyghjo),WrappedArray(rt, @halsey:, now!, 🌹🌹🌹, , https://t.co/m7cpvyghjo)]\n[WrappedArray(@andrew8088, hey, can, you, please, provide, bookmarks.js, file, from, \"learning, mongodb(2013)\", course., , , p.s, i'm, not, user, of, tutsplus.),WrappedArray(@andrew8088, hey, please, provide, bookmarks.js, file, \"learning, mongodb(2013)\", course., , , p.s, i'm, user, tutsplus.)]\n[WrappedArray(my, check, gonna, be, supa, fat, doe, 🤑),WrappedArray(check, gonna, supa, fat, doe, 🤑)]\n[WrappedArray(rt, @lfrankoceanl:, my, biggest, fear, is, being, replaced.),WrappedArray(rt, @lfrankoceanl:, biggest, fear, replaced.)]\n[WrappedArray(rt, @63moonsofficial:, a, #forcedmerger, would, be, against, 63k, shareholders,, their, welfare, should, be, the, prime, concern, @amitshah, @arunjaitley, ht…),WrappedArray(rt, @63moonsofficial:, #forcedmerger, would, 63k, shareholders,, welfare, prime, concern, @amitshah, @arunjaitley, ht…)]\n"},"text":"noStopWords.select(\"words\", \"noStopWords\").take(5).foreach(println)"},{"config":{"colWidth":12,"graph":{"mode":"table","height":300,"optionOpen":false,"keys":[],"values":[],"groups":[],"scatter":{}},"enabled":true},"settings":{"params":{},"forms":{}},"apps":[],"jobName":"paragraph_1481560713473_-967079446","id":"20161212-173833_1959609123","dateCreated":"2016-12-12T17:38:33+0100","status":"FINISHED","progressUpdateIntervalMs":500,"focus":true,"$$hashKey":"object:1417","dateUpdated":"2016-12-12T17:38:39+0100","dateFinished":"2016-12-12T17:38:40+0100","dateStarted":"2016-12-12T17:38:39+0100","result":{"code":"SUCCESS","type":"TEXT","msg":""},"text":"noStopWords.select(\"id\", \"noStopWords\")\n  .write\n  .mode(\"overwrite\")\n  .parquet(\"/dataset/twitter/features/f=noStopWords\")"},{"config":{"colWidth":12,"graph":{"mode":"table","height":300,"optionOpen":false,"keys":[],"values":[],"groups":[],"scatter":{}},"enabled":true},"settings":{"params":{},"forms":{}},"apps":[],"jobName":"paragraph_1481560719736_-645414042","id":"20161212-173839_1654006440","dateCreated":"2016-12-12T17:38:39+0100","status":"FINISHED","progressUpdateIntervalMs":500,"focus":true,"$$hashKey":"object:1494","dateUpdated":"2016-12-12T17:38:45+0100","dateFinished":"2016-12-12T17:38:46+0100","dateStarted":"2016-12-12T17:38:45+0100","result":{"code":"SUCCESS","type":"TEXT","msg":"\nimport org.apache.spark.ml.feature.{HashingTF, IDF}\n\nhashingtf: org.apache.spark.ml.feature.HashingTF = hashingTF_e94d2e7b1742\n\ntf: org.apache.spark.sql.DataFrame = [accessLevel: bigint, contributors: array<string> ... 35 more fields]\n"},"text":"import org.apache.spark.ml.feature.{HashingTF, IDF}\n\nval hashingtf = new HashingTF()\n  .setInputCol(\"words\")\n  .setOutputCol(\"rawFeatures\")\n  .setNumFeatures(20)\n  \nval tf = hashingtf.transform(words)"},{"config":{"colWidth":12,"graph":{"mode":"table","height":300,"optionOpen":false,"keys":[],"values":[],"groups":[],"scatter":{}},"enabled":true},"settings":{"params":{},"forms":{}},"apps":[],"jobName":"paragraph_1481560725615_1612677253","id":"20161212-173845_933541727","dateCreated":"2016-12-12T17:38:45+0100","status":"FINISHED","progressUpdateIntervalMs":500,"focus":true,"$$hashKey":"object:1571","dateUpdated":"2016-12-12T17:38:53+0100","dateFinished":"2016-12-12T17:38:55+0100","dateStarted":"2016-12-12T17:38:53+0100","result":{"code":"SUCCESS","type":"TEXT","msg":"\nidf: org.apache.spark.ml.feature.IDF = idf_7215b1f82ce4\n\nidfModel: org.apache.spark.ml.feature.IDFModel = idf_7215b1f82ce4\n\ntfidf: org.apache.spark.sql.DataFrame = [accessLevel: bigint, contributors: array<string> ... 36 more fields]\n[(20,[0,5,8,9,12,13,14],[1.5692682479037992,0.6328142005564081,0.5986157052766189,0.7743171569809674,0.8234006192900588,0.28094501575522884,0.940349813776933])]\n[(20,[0,1,2,3,5,6,7,8,10,12,13,17,18],[0.7846341239518996,2.383679291255609,0.8488763926802534,0.826485454641269,0.6328142005564081,0.8536269954388511,1.0455180032489566,1.7958471158298566,0.45028053219097197,1.6468012385801176,0.5618900315104577,0.8280314482498875,1.723190330176056])]\n[(20,[1,2,3,5,16,19],[0.7945597637518697,0.8488763926802534,0.826485454641269,0.6328142005564081,1.9994012227405649,0.8913673234216983])]\n[(20,[1,4,13,14,15,16,19],[0.7945597637518697,0.9300167712066874,0.5618900315104577,0.940349813776933,0.8515128297465157,0.6664670742468549,0.8913673234216983])]\n[(20,[0,2,3,4,5,8,9,10,12,13,15,16,18],[0.7846341239518996,0.8488763926802534,0.826485454641269,0.9300167712066874,0.6328142005564081,0.5986157052766189,0.7743171569809674,1.8011221287638879,0.8234006192900588,0.5618900315104577,1.7030256594930313,1.3329341484937098,0.861595165088028])]\n"},"text":"val idf = new IDF()\n  .setInputCol(\"rawFeatures\")\n  .setOutputCol(\"features\")\n\nval idfModel = idf.fit(tf)\n\nval tfidf = idfModel.transform(tf)\n\ntfidf.select(\"features\").take(5).foreach(println)\n\ntfidf.select(\"id\", \"features\")\n  .write\n  .mode(\"overwrite\")\n  .parquet(\"/dataset/twitter/features/f=tf-idf\")"},{"config":{"colWidth":12,"graph":{"mode":"table","height":300,"optionOpen":false,"keys":[],"values":[],"groups":[],"scatter":{}},"enabled":true},"settings":{"params":{},"forms":{}},"apps":[],"jobName":"paragraph_1481560733927_-1486859886","id":"20161212-173853_247467039","dateCreated":"2016-12-12T17:38:53+0100","status":"FINISHED","progressUpdateIntervalMs":500,"focus":true,"$$hashKey":"object:1654","dateUpdated":"2016-12-12T17:39:08+0100","dateFinished":"2016-12-12T17:39:10+0100","dateStarted":"2016-12-12T17:39:08+0100","result":{"code":"SUCCESS","type":"TEXT","msg":"\nimport org.apache.spark.ml.feature.{CountVectorizer, CountVectorizerModel}\n\ncvModel: org.apache.spark.ml.feature.CountVectorizerModel = cntVec_8cf93fc72f61\n\ncountVector: org.apache.spark.sql.DataFrame = [accessLevel: bigint, contributors: array<string> ... 35 more fields]\n\nidf: org.apache.spark.ml.feature.IDF = idf_4f66498749b6\n\nidfModel: org.apache.spark.ml.feature.IDFModel = idf_4f66498749b6\n\ntfcv: org.apache.spark.sql.DataFrame = [accessLevel: bigint, contributors: array<string> ... 36 more fields]\n[(200,[0,4,5,45],[0.658599900803441,2.14991622898411,1.9364909271388218,3.670571284780199])]\n[(200,[4,6,7,26,30,38,40,175],[4.29983245796822,1.982862144320944,2.0611333723460983,3.172212429779338,3.2621606664422775,3.421225361071965,3.5776775378875025,4.842611042003125])]\n[(200,[13,16,177],[2.5958407281154763,2.8606248364740026,4.842611042003125])]\n[(200,[0,8,13,158],[0.658599900803441,2.022934283664443,2.5958407281154763,4.814440165036429])]\n[(200,[0,1,3,16,78,126,189],[0.658599900803441,1.4471443350499553,1.6765334027018957,5.721249672948005,4.178451398316432,4.660289485209171,4.901451542026059])]\n"},"text":"import org.apache.spark.ml.feature.{CountVectorizer, CountVectorizerModel}\n\nval cvModel = new CountVectorizer()\n  .setInputCol(\"words\")\n  .setOutputCol(\"rawFeatures\")\n  .setVocabSize(200)\n  .setMinDF(2)\n  .fit(words)\n\nval countVector = cvModel.transform(words)\n\nval idf = new IDF()\n  .setInputCol(\"rawFeatures\")\n  .setOutputCol(\"features\")\n\nval idfModel = idf.fit(countVector)\n\nval tfcv = idfModel.transform(countVector)\n\ntfcv.select(\"features\").take(5).foreach(println)\n\ntfcv.select(\"id\", \"features\")\n  .write\n  .mode(\"overwrite\")\n  .parquet(\"/dataset/twitter/features/f=tf-cv\")"},{"config":{"colWidth":12,"graph":{"mode":"table","height":300,"optionOpen":false,"keys":[],"values":[],"groups":[],"scatter":{}},"enabled":true},"settings":{"params":{},"forms":{}},"apps":[],"jobName":"paragraph_1481560748447_149892583","id":"20161212-173908_1204800396","dateCreated":"2016-12-12T17:39:08+0100","status":"FINISHED","progressUpdateIntervalMs":500,"focus":true,"$$hashKey":"object:1728","dateUpdated":"2016-12-12T17:39:18+0100","dateFinished":"2016-12-12T17:39:21+0100","dateStarted":"2016-12-12T17:39:18+0100","result":{"code":"SUCCESS","type":"TEXT","msg":"\nimport org.apache.spark.ml.feature.Word2Vec\n\nword2Vec: org.apache.spark.ml.feature.Word2Vec = w2v_64106e6ca640\n\nmodel: org.apache.spark.ml.feature.Word2VecModel = w2v_64106e6ca640\n\nvec: org.apache.spark.sql.DataFrame = [accessLevel: bigint, contributors: array<string> ... 35 more fields]\n[[0.01606191895552911,6.618525658268481E-4,0.051587266847491264,-0.0049249806615989655,-0.058271755809983006,0.024339799492736347,-0.008428669185377657,0.043816999706905335,-0.00515347087639384,0.03593107979395427,0.021442579454742372,0.01519519358407706,0.008437215641606599,0.06009746016934514,0.03997852627071552,0.03618791246844921,-0.006839756097178906,-0.015390974760521203,0.06600559057551436,0.05809219682123512,-1.2782655539922416E-4,-0.03450466528738616,0.005617602830170654,0.006997299788054079,0.008749861968681216,-0.0011001477105310187,0.008670026116305962,0.037254764523822814,-0.03312704186828341,0.024193474819185212,0.0030122854077490047,0.03832140314625576,-0.02788761337433243,0.013841280160704628,0.008949014089012053,-0.009890826477203518,0.07586555765010417,0.049383490171749145,-0.012764764484018087,-0.0013636980147566646,-0.017924302315805107,-0.05669061530352337,-0.030842255102470517,0.0036471950297709554,0.04359599499730393,0.05089762916031759,0.042678861354943365,0.08437858140678145,0.018703290188568644,-0.008845480013405904,-0.0500557036139071,-0.026682314841309562,-0.006660861225100234,0.027485776226967573,3.6355387419462204E-4,-0.04179597045003902,0.028772579884389415,0.022242414561333135,0.03650103404652327,-0.017129887855844572,0.037212777795502916,-0.03935049247229472,0.021688396198442206,0.0038291430100798607,0.012906782969366759,0.02664449702206184,-0.008643113396828994,0.03121505795570556,-0.05908791467663832,-0.016931800826569088,-0.039734296151436865,-0.05385859828675166,0.020180721883662045,-0.017041094019077718,0.06751840590732172,-0.0565949243173236,-7.963440293679014E-4,-0.026923976198304445,-0.0013169711455702782,-0.025681951228762046,0.003372449427843094,-0.0030919172568246722,-0.030348749191034585,0.04306101513793692,0.004106263950234279,-0.03248636162606999,-0.02391025827091653,0.0020427614072104916,0.0197872057906352,-0.007063204859150574,-0.01574958869605325,0.04808972275350243,0.0099757942953147,0.05962460239243228,0.02384366685873829,-0.027067123854067177,0.07568849400558975,0.018752635165583342,0.0196562955097761,-0.004195380490273237]]\n[[0.015702886192593725,-0.0018675820319913328,0.031239690829534084,-0.01406738713849336,-0.0359799248049967,0.02170283467276022,0.003269855200778693,0.04539822102815379,-0.014573187986388804,0.017883973332936877,0.02206772529752925,-0.004649794573197141,0.0021053850301541387,0.024357486941153184,0.017173754954274045,0.010714280122192577,0.0039045572630129755,0.012101662962231786,0.032224711601156746,0.02265265990572516,-0.022089172399137172,8.899366133846343E-4,0.03457362778717652,0.012127642164705322,0.019294539399561474,0.002451499877497554,0.025402306974865497,0.03964810476027197,-0.007999823417048902,0.010638090607244521,-0.006763262354070321,0.020389978284947576,-0.019452442962210627,-0.0030077217204961927,0.012335633268230596,-0.018622675733058713,0.055570995458401745,0.007624569366453216,0.014925287904043218,-0.011168227763846517,0.010196452087257057,-0.0173379740328528,0.008079757727682591,0.01682428936182987,0.03361787411267869,0.03185187202761881,0.009974554405198434,0.01591608068556525,-0.0026439674955327066,-0.0028551719267852606,-0.03277312582358718,-0.029218046518508345,-0.011467941442970187,0.0025699926278321076,0.0136043272446841,-0.006580779142677785,0.011216728220460936,-0.004162040137453005,0.031057829188648613,-0.0017801683861762285,0.03935876646428369,-0.023977661997196267,0.018198856327217072,0.02195053107570857,0.018455831229221075,-0.0036435685644391927,-0.011242661753203721,0.0022131638950668277,-0.02805408659623936,-0.014204323542071507,-0.01579471952863969,-0.013220164692029357,9.05293325195089E-4,0.013971312789362856,0.030580634507350626,-0.029359975062834567,0.011434876036946663,-2.2439893800765278E-4,-0.006938188115600497,-0.024700449196097908,0.01308538179146126,0.0077177074621431535,-0.01953075207711663,0.016208211454795673,-0.003397203190252185,0.007926523050991818,-0.031166221108287574,-0.0015751662809634583,0.0055213113315403465,0.00829492078628391,-0.018727481963287575,0.02391101598623209,-0.0011536008270923049,0.03260779525153339,0.003490964393131435,-0.007281293481355533,0.033733507746364924,0.012483912336756477,0.00845716024050489,0.021455422710278074]]\n[[-0.010091753560118377,-0.0038728075160179287,0.03590961315785535,0.01710652810288593,-0.0045564655447378755,-0.006553771178005263,-0.011093110137153417,0.003486680994683411,-0.008545684235286899,0.007878677162807435,-9.468060889048502E-4,0.011503462010296062,0.037020017800386995,-0.0021029319905210286,0.010248711056192406,0.008939103892771527,0.021549158300331328,0.0011046332656405866,0.03433081308321562,0.025158580945571885,0.03429614377091639,-0.011498297535581514,-0.0021590653341263533,-0.030687651327752974,-0.032577207166468725,4.7818732855375856E-4,-0.011501675995532423,0.011557192410691641,-0.0458135902590584,0.009413721578312106,-0.01803069413290359,0.02044945523084607,0.001985645001695957,0.014049939200049266,-4.878386971540749E-5,-0.024031557433772832,0.012576846027513966,-0.016826586477691308,0.003899878793163225,0.02014119175146334,-0.006985570857068524,-4.726626502815634E-4,0.018007422710070387,0.007216056852485053,-0.015084821206983179,-0.002836683765053749,3.464950277702883E-4,0.027036639468860812,0.021202239586273208,-0.026281976461177692,0.0024514102551620454,-0.010595206054858863,-0.03101463965140283,0.02274829118687194,-0.007319843090954237,-0.023007098934613168,0.02196444958099164,0.00768825298291631,-0.0201540670968825,0.01834099183906801,0.022653936364804395,-0.011104934383183718,-0.008659219980472699,0.021916965022683144,-0.013289579335832968,0.00823597535782028,0.025155205381452106,-0.006610971526242793,-0.03834560047107516,0.0073527734784875065,-0.00834447777015157,-0.009740148685523309,-0.01869914185954258,-0.01239927887218073,0.02612595961545594,-0.006901217109771096,-0.019024087203433737,0.001383815979352221,0.010445486965181772,-0.013789935619570315,-0.02301316661760211,-0.021913634496740997,0.0031194384209811687,-0.009017769276397303,0.009705380216473714,0.01726574674830772,-0.010284258605679497,-0.017209292491315864,0.016082700807601213,-0.003454056612099521,-5.727701791329309E-4,0.010771789733553305,-0.01294156517542433,0.004797956353286281,-0.005866622690518852,0.00212221012043301,0.012800549739040434,0.02046230928681325,-0.03185470061725937,-0.006120250094681978]]\n"},"text":"import org.apache.spark.ml.feature.Word2Vec\n\nval word2Vec = new Word2Vec()\n  .setInputCol(\"words\")\n  .setOutputCol(\"vec\")\n  .setVectorSize(100)\n  .setMinCount(0)\n  \nval model = word2Vec.fit(words)\n\nval vec = model.transform(words)\n\nvec.select(\"vec\").take(3).foreach(println)"},{"config":{"colWidth":12,"graph":{"mode":"table","height":300,"optionOpen":false,"keys":[],"values":[],"groups":[],"scatter":{}},"enabled":true},"settings":{"params":{},"forms":{}},"apps":[],"jobName":"paragraph_1481560758550_925377800","id":"20161212-173918_1770855883","dateCreated":"2016-12-12T17:39:18+0100","status":"FINISHED","progressUpdateIntervalMs":500,"focus":true,"$$hashKey":"object:1806","dateUpdated":"2016-12-12T17:39:26+0100","dateFinished":"2016-12-12T17:39:26+0100","dateStarted":"2016-12-12T17:39:26+0100","result":{"code":"SUCCESS","type":"TEXT","msg":"\nsynonyms: org.apache.spark.sql.DataFrame = [word: string, similarity: double]\n+---------+------------------+\n|     word|        similarity|\n+---------+------------------+\n|   fraud,| 0.942971708264164|\n| smallest|0.9388446853839456|\n|officious|0.9319371898978654|\n+---------+------------------+\n\n"},"text":"val synonyms = model.findSynonyms(\"twitter\", 3)\nsynonyms.show"},{"config":{"colWidth":12,"graph":{"mode":"table","height":300,"optionOpen":false,"keys":[],"values":[],"groups":[],"scatter":{}},"enabled":true},"settings":{"params":{},"forms":{}},"apps":[],"jobName":"paragraph_1481560766445_691465793","id":"20161212-173926_833966586","dateCreated":"2016-12-12T17:39:26+0100","status":"FINISHED","progressUpdateIntervalMs":500,"focus":true,"$$hashKey":"object:1886","dateUpdated":"2016-12-12T17:39:34+0100","dateFinished":"2016-12-12T17:39:34+0100","dateStarted":"2016-12-12T17:39:34+0100","result":{"code":"SUCCESS","type":"TEXT","msg":""},"text":"vec.select(\"id\", \"vec\")\n  .write\n  .mode(\"overwrite\")\n  .parquet(\"/dataset/twitter/features/f=word2vec\")"},{"config":{"colWidth":12,"graph":{"mode":"table","height":300,"optionOpen":false,"keys":[],"values":[],"groups":[],"scatter":{}},"enabled":true},"settings":{"params":{},"forms":{}},"apps":[],"jobName":"paragraph_1481560774076_2062726197","id":"20161212-173934_421156455","dateCreated":"2016-12-12T17:39:34+0100","status":"READY","progressUpdateIntervalMs":500,"focus":true,"$$hashKey":"object:1963","dateUpdated":"2016-12-12T17:39:44+0100","text":""}],"name":"06.1","id":"2C6GP33MK","angularObjects":{"2BXV59BJ5:shared_process":[],"2BZ7JWBYX:shared_process":[],"2BYKQAFE3:shared_process":[],"2BXX92DZZ:shared_process":[],"2BY8191PX:shared_process":[],"2C242HAW7:shared_process":[],"2BXRBYBNN:shared_process":[],"2C1F64B57:shared_process":[],"2BXESURSJ:shared_process":[],"2BZSUGKDS:shared_process":[],"2C26Y211G:shared_process":[],"2C1URPXW3:shared_process":[],"2BZN774H8:shared_process":[]},"config":{"looknfeel":"default"},"info":{}}