﻿{"paragraphs":[{"text":"%sh head /dataset/sentiment/thinknook/sentiment-analysis-dataset.csv","dateUpdated":"2016-12-15T09:20:28+0100","config":{"colWidth":12,"graph":{"mode":"table","height":300,"optionOpen":false,"keys":[],"values":[],"groups":[],"scatter":{}},"enabled":true,"editorMode":"ace/mode/scala"},"settings":{"params":{},"forms":{}},"apps":[],"jobName":"paragraph_1481789957148_-1854913695","id":"20161215-091917_1241410860","result":{"code":"SUCCESS","type":"TEXT","msg":"﻿ItemID,Sentiment,SentimentSource,SentimentText\r\n1,0,Sentiment140,                     is so sad for my APL friend.............\r\n2,0,Sentiment140,                   I missed the New Moon trailer...\r\n3,1,Sentiment140,              omg its already 7:30 :O\r\n4,0,Sentiment140,          .. Omgaga. Im sooo  im gunna CRy. I've been at this dentist since 11.. I was suposed 2 just get a crown put on (30mins)...\r\n5,0,Sentiment140,         i think mi bf is cheating on me!!!       T_T\r\n6,0,Sentiment140,         or i just worry too much?        \r\n7,1,Sentiment140,       Juuuuuuuuuuuuuuuuussssst Chillin!!\r\n8,0,Sentiment140,       Sunny Again        Work Tomorrow  :-|       TV Tonight\r\n9,1,Sentiment140,      handed in my uniform today . i miss you already\r\n"},"dateCreated":"2016-12-15T09:19:17+0100","dateStarted":"2016-12-15T09:20:28+0100","dateFinished":"2016-12-15T09:20:29+0100","status":"FINISHED","progressUpdateIntervalMs":500,"focus":true,"$$hashKey":"object:2532"},{"text":"val file = sc.textFile(\"/dataset/sentiment/thinknook/sentiment-analysis-dataset.csv\")\n\nval dataset = file.filter(l => l.charAt(0).isDigit)\n\n// val splits = dataset.randomSplit(Array(0.08, 0.02, 0,9), seed = 11L)\nval splits = dataset.randomSplit(Array(0.8, 0.2), seed = 11L)","dateUpdated":"2016-12-15T09:20:39+0100","config":{"colWidth":12,"graph":{"mode":"table","height":300,"optionOpen":false,"keys":[],"values":[],"groups":[],"scatter":{}},"enabled":true},"settings":{"params":{},"forms":{}},"apps":[],"jobName":"paragraph_1481790028808_-50533299","id":"20161215-092028_753232990","result":{"code":"SUCCESS","type":"TEXT","msg":"\nfile: org.apache.spark.rdd.RDD[String] = /dataset/sentiment/thinknook/sentiment-analysis-dataset.csv MapPartitionsRDD[1] at textFile at <console>:27\n\ndataset: org.apache.spark.rdd.RDD[String] = MapPartitionsRDD[2] at filter at <console>:29\n\nsplits: Array[org.apache.spark.rdd.RDD[String]] = Array(MapPartitionsRDD[3] at randomSplit at <console>:31, MapPartitionsRDD[4] at randomSplit at <console>:31)\n"},"dateCreated":"2016-12-15T09:20:28+0100","dateStarted":"2016-12-15T09:20:39+0100","dateFinished":"2016-12-15T09:20:46+0100","status":"FINISHED","progressUpdateIntervalMs":500,"$$hashKey":"object:2533"},{"text":"case class SentimentText(id: Int, label: Double, sentiment: String, text: String)\n\ndef parse(line: String): SentimentText = {\n  val tokens = line.split(\",\")\n  tokens(1) match {\n    case \"0\" => SentimentText(tokens(0).toInt, 0.0, \"NEGATIVE\", tokens(3).trim)\n    case \"1\" => SentimentText(tokens(0).toInt, 1.0, \"POSITIVE\", tokens(3).trim)\n  }\n}","dateUpdated":"2016-12-15T09:20:45+0100","config":{"colWidth":12,"graph":{"mode":"table","height":300,"optionOpen":false,"keys":[],"values":[],"groups":[],"scatter":{}},"enabled":true},"settings":{"params":{},"forms":{}},"apps":[],"jobName":"paragraph_1481790039026_189580663","id":"20161215-092039_918572631","result":{"code":"SUCCESS","type":"TEXT","msg":"\ndefined class SentimentText\n\nparse: (line: String)SentimentText\n"},"dateCreated":"2016-12-15T09:20:39+0100","dateStarted":"2016-12-15T09:20:45+0100","dateFinished":"2016-12-15T09:20:47+0100","status":"FINISHED","progressUpdateIntervalMs":500,"$$hashKey":"object:2534"},{"text":"val training = splits(0).map(parse).persist\ntraining.count\ntraining.toDF.show","dateUpdated":"2016-12-15T09:20:52+0100","config":{"colWidth":12,"graph":{"mode":"table","height":300,"optionOpen":false,"keys":[],"values":[],"groups":[],"scatter":{}},"enabled":true},"settings":{"params":{},"forms":{}},"apps":[],"jobName":"paragraph_1481790045853_2092163974","id":"20161215-092045_956409760","result":{"code":"SUCCESS","type":"TEXT","msg":"\ntraining: org.apache.spark.rdd.RDD[SentimentText] = MapPartitionsRDD[5] at map at <console>:37\n\nres0: Long = 1263316\n+---+-----+---------+--------------------+\n| id|label|sentiment|                text|\n+---+-----+---------+--------------------+\n|  1|  0.0| NEGATIVE|is so sad for my ...|\n|  2|  0.0| NEGATIVE|I missed the New ...|\n|  3|  1.0| POSITIVE|omg its already 7...|\n|  5|  0.0| NEGATIVE|i think mi bf is ...|\n|  6|  0.0| NEGATIVE|or i just worry t...|\n|  7|  1.0| POSITIVE|Juuuuuuuuuuuuuuuu...|\n|  8|  0.0| NEGATIVE|Sunny Again      ...|\n|  9|  1.0| POSITIVE|handed in my unif...|\n| 13|  0.0| NEGATIVE|this weekend has ...|\n| 14|  0.0| NEGATIVE|jb isnt showing i...|\n| 15|  0.0| NEGATIVE|ok thats it you win.|\n| 16|  0.0| NEGATIVE|&lt;-------- This...|\n| 17|  0.0| NEGATIVE|\"    awhhe man......|\n| 18|  1.0| POSITIVE|Feeling strangely...|\n| 19|  0.0| NEGATIVE|HUGE roll of thun...|\n| 20|  0.0| NEGATIVE|I just cut my bea...|\n| 21|  0.0| NEGATIVE|Very sad about Iran.|\n| 23|  1.0| POSITIVE|You're the only o...|\n| 25|  0.0| NEGATIVE|...  Headed to Ho...|\n| 26|  0.0| NEGATIVE|BoRinG   ): whats...|\n+---+-----+---------+--------------------+\nonly showing top 20 rows\n\n"},"dateCreated":"2016-12-15T09:20:45+0100","dateStarted":"2016-12-15T09:20:52+0100","dateFinished":"2016-12-15T09:21:15+0100","status":"FINISHED","progressUpdateIntervalMs":500,"$$hashKey":"object:2535"},{"text":"val test = splits(1).map(parse).persist\ntest.count\ntest.toDF.show","dateUpdated":"2016-12-15T09:20:57+0100","config":{"colWidth":12,"graph":{"mode":"table","height":300,"optionOpen":false,"keys":[],"values":[],"groups":[],"scatter":{}},"enabled":true},"settings":{"params":{},"forms":{}},"apps":[],"jobName":"paragraph_1481790052394_-533747269","id":"20161215-092052_747426737","result":{"code":"SUCCESS","type":"TEXT","msg":"\ntest: org.apache.spark.rdd.RDD[SentimentText] = MapPartitionsRDD[9] at map at <console>:37\n\nres2: Long = 315311\n+---+-----+---------+--------------------+\n| id|label|sentiment|                text|\n+---+-----+---------+--------------------+\n|  4|  0.0| NEGATIVE|.. Omgaga. Im soo...|\n| 10|  1.0| POSITIVE|hmmmm.... i wonde...|\n| 11|  0.0| NEGATIVE|I must think abou...|\n| 12|  1.0| POSITIVE|thanks to all the...|\n| 22|  0.0| NEGATIVE|       wompppp wompp|\n| 24|  0.0| NEGATIVE|&lt;---Sad level ...|\n| 40|  0.0| NEGATIVE|what type of a sp...|\n| 42|  1.0| POSITIVE|(: !!!!!! - so i ...|\n| 43|  0.0| NEGATIVE|       *enough said*|\n| 48|  0.0| NEGATIVE|- All Time Low sh...|\n| 60|  0.0| NEGATIVE|Hand quilting it ...|\n| 67|  0.0| NEGATIVE|         I miss Earl|\n| 80|  0.0| NEGATIVE|i was too slow to...|\n| 82|  0.0| NEGATIVE|I wish I could go...|\n| 86|  1.0| POSITIVE|I'm really going ...|\n| 88|  0.0| NEGATIVE|in cab headed to ...|\n| 91|  0.0| NEGATIVE|jonas day is almo...|\n|102|  0.0| NEGATIVE|   not a cool night.|\n|106|  0.0| NEGATIVE|really wanted Saf...|\n|108|  1.0| POSITIVE|Rose and ood will...|\n+---+-----+---------+--------------------+\nonly showing top 20 rows\n\n"},"dateCreated":"2016-12-15T09:20:52+0100","dateStarted":"2016-12-15T09:20:57+0100","dateFinished":"2016-12-15T09:21:16+0100","status":"FINISHED","progressUpdateIntervalMs":500,"$$hashKey":"object:2536"},{"text":"","dateUpdated":"2016-12-15T09:21:08+0100","config":{"colWidth":12,"graph":{"mode":"table","height":300,"optionOpen":false,"keys":[],"values":[],"groups":[],"scatter":{}},"enabled":true,"editorMode":"ace/mode/scala"},"settings":{"params":{},"forms":{}},"apps":[],"jobName":"paragraph_1481790057797_-1273988829","id":"20161215-092057_59038167","dateCreated":"2016-12-15T09:20:57+0100","status":"READY","progressUpdateIntervalMs":500,"$$hashKey":"object:2537"}],"name":"08.1","id":"2C5AM5WQQ","angularObjects":{"2BXV59BJ5:shared_process":[],"2BZ7JWBYX:shared_process":[],"2BYKQAFE3:shared_process":[],"2BXX92DZZ:shared_process":[],"2BY8191PX:shared_process":[],"2C242HAW7:shared_process":[],"2BXRBYBNN:shared_process":[],"2C1F64B57:shared_process":[],"2BXESURSJ:shared_process":[],"2BZSUGKDS:shared_process":[],"2C26Y211G:shared_process":[],"2C1URPXW3:shared_process":[],"2BZN774H8:shared_process":[]},"config":{"looknfeel":"default"},"info":{}}